Governorate,Facility_Type,Administration,Facility_Name,Facility_Type_EN,Administration_EN,Facility_Name_EN
Aswan,مركز,إدارة اسوان,ابو الريش بحري,Health Center,Aswan Administration,Abu El-Reesh North Health Center
Aswan,مركز,إدارة كوم امبو,اقليت,Health Center,Kom Ombo Administration,Eqleet Health Center
Aswan,مركز,ادارة ادفو غرب,البصيلية بحرى,Health Center,Edfu West Administration,El-Baseeliya North
Aswan,مركز,ادارة دراو,الحضرى دراو,Health Center,Daraw Administration,El-Hadry Daraw
Aswan,مركز,ادارة نصر النوبة,الدكه,Health Center,Nasr El-Noba Administration,El-Daka
Aswan,مركز,إدارة اسوان,السيل,Health Center,Aswan Administration,El-Seil
Aswan,مركز,ادارة ادفو غرب,الصعايده قبلي,Health Center,Edfu West Administration,El-Saaida South
Aswan,مركز,ادارة ادفو شرق,المحاميد,Health Center,Edfu East Administration,El-Mahameed
Aswan,مركز,إدارة كوم امبو,المنشية الجديدة,Health Center,Kom Ombo Administration,El-Menshia El-Gedida
Aswan,مركز,ادارة نصر النوبة,بلانه,Health Center,Nasr El-Noba Administration,Belana
Aswan,مركز,ادارة دراو,بنبان قبلى,Health Center,Daraw Administration,Benban South
Aswan,مركز,ادارة ادفو غرب,حاجر البصيلية,Health Center,Edfu West Administration,Hajer El-Baseeliya
Aswan,مركز,ادارة ادفو غرب,رعاية طفل ادفو,Health Center,Edfu West Administration,Edfu Child Care Center
Aswan,مركز,إدارة كوم امبو,رعاية طفل كوم امبو,Health Center,Kom Ombo Administration,Kom Ombo Child Care Center
Aswan,مركز,إدارة كوم امبو,سلو بحري,Health Center,Kom Ombo Administration,Sulo North
Aswan,مركز,إدارة اسوان,صحة اول,Health Center,Aswan Administration,First Health Center
Aswan,مستشفى,ادارة نصر النوبة,مستشفى ابو سمبل الدولي,Hospital,Nasr El-Noba Administration,Abu Simbel International Hospital
Aswan,مستشفى,ادارة ادفو غرب,مستشفى ادفو العام,Hospital,Edfu West Administration,Edfu General Hospital
Aswan,مستشفى,إدارة اسوان,مستشفى اسوان التخصصي,Hospital,Aswan Administration,Aswan Specialized Hospital
Aswan,مستشفى,إدارة اسوان,مستشفى التامين الصحي,Hospital,Aswan Administration,Health Insurance Hospital
Aswan,مستشفى,ادارة ادفو غرب,مستشفى السباعيه,Hospital,Edfu West Administration,El-Sabaeia Hospital
Aswan,مستشفى,إدارة اسوان,مستشفى حميات اسوان,Hospital,Aswan Administration,Aswan Fever Hospital
Aswan,مستشفى,ادارة دراو,مستشفى دراو المركزي,Hospital,Daraw Administration,Daraw Central Hospital
Aswan,مستشفى,إدارة اسوان,مستشفى رمد اسوان,Hospital,Aswan Administration,Aswan Ophthalmology Hospital
Aswan,مستشفى,إدارة كوم امبو,مستشفى كوم امبو المركزي,Hospital,Kom Ombo Administration,Kom Ombo Central Hospital
Aswan,مستشفى,ادارة نصر النوبة,مستشفى نصر النوبه,Hospital,Nasr El-Noba Administration,Nasr El-Noba Hospital
Aswan,مستشفى,إدارة اسوان,معهد اورام اسوان,Hospital,Aswan Administration,Aswan Oncology Institute
Aswan,وحدة,ادارة نصر النوبة,ابريم,Health Unit,Nasr El-Noba Administration,Abreem
Aswan,وحدة,إدارة اسوان,ابو الريش قبلي,Health Unit,Aswan Administration,Abu El-Reesh South
Aswan,وحدة,ادارة نصر النوبة,ابو سمبل,Health Unit,Nasr El-Noba Administration,Abu Simbel
Aswan,وحدة,إدارة اسوان,ابوسمبل,Health Unit,Aswan Administration,Abu Simbel
Aswan,وحدة,ادارة نصر النوبة,ادندان,Health Unit,Nasr El-Noba Administration,Adandan
Aswan,وحدة,إدارة اسوان,اسوان الجديدة,Health Unit,Aswan Administration,New Aswan
Aswan,وحدة,ادارة ادفو غرب,الاخصاص,Health Unit,Edfu West Administration,El-Akhsas
Aswan,وحدة,إدارة كوم امبو,الاسماعيلية,Health Unit,Kom Ombo Administration,El-Ismailia
Aswan,وحدة,إدارة اسوان,الاعقاب الديسة,Health Unit,Aswan Administration,El-Aaqab El-Deisa
Aswan,وحدة,ادارة ادفو غرب,البصيلية قبلى,Health Unit,Edfu West Administration,El-Baseeliya South
Aswan,وحدة,إدارة كوم امبو,البياره,Health Unit,Kom Ombo Administration,El-Bayara
Aswan,وحدة,إدارة اسوان,الجزيرة,Health Unit,Aswan Administration,El-Gezira
Aswan,وحدة,ادارة دراو,الجعافرة,Health Unit,Daraw Administration,El-Gaafara
Aswan,وحدة,ادارة دراو,الحربياب,Health Unit,Daraw Administration,El-Harbiab
Aswan,وحدة,ادارة نصر النوبة,الحضري نصر النوبة,Health Unit,Nasr El-Noba Administration,El-Hadry Nasr El-Noba
Aswan,وحدة,ادارة نصر النوبة,الحكمه,Health Unit,Nasr El-Noba Administration,El-Hikma
Aswan,وحدة,إدارة اسوان,الخزان غرب,Health Unit,Aswan Administration,El-Khazan West
Aswan,وحدة,إدارة كوم امبو,الخور قبلي,Health Unit,Kom Ombo Administration,El-Khour South
Aswan,وحدة,ادارة نصر النوبة,الدر و تنقالة,Health Unit,Nasr El-Noba Administration,El-Dar and Tanqala
Aswan,وحدة,ادارة ادفو شرق,الدقاديق,Health Unit,Edfu East Administration,El-Daqadaq
Aswan,وحدة,ادارة ادفو شرق,الرديسية,Health Unit,Edfu East Administration,El-Rdisiya
Aswan,وحدة,ادارة دراو,الرقبه,Health Unit,Daraw Administration,El-Raqaba
Aswan,وحدة,ادارة ادفو غرب,الرقيقيين,Health Unit,Edfu West Administration,El-Raqiqeen
Aswan,وحدة,ادارة ادفو غرب,الرمادي بحري,Health Unit,Edfu West Administration,El-Ramady North
Aswan,وحدة,ادارة ادفو غرب,الرمادي قبلي,Health Unit,Edfu West Administration,El-Ramady South
Aswan,وحدة,ادارة ادفو غرب,السباعية,Health Unit,Edfu West Administration,El-Sabaeia
Aswan,وحدة,إدارة اسوان,السد العالى,Health Unit,Aswan Administration,High Dam
Aswan,وحدة,إدارة كوم امبو,السلسلة,Health Unit,Kom Ombo Administration,El-Selsela
Aswan,وحدة,ادارة ادفو شرق,الشراونة قبلي,Health Unit,Edfu East Administration,El-Shrawna South
Aswan,وحدة,ادارة ادفو غرب,الشرفا,Health Unit,Edfu West Administration,El-Sharfa
Aswan,وحدة,ادارة دراو,الشطب,Health Unit,Daraw Administration,El-Shatab
Aswan,وحدة,إدارة اسوان,الشلال,Health Unit,Aswan Administration,El-Shalal
Aswan,وحدة,ادارة ادفو غرب,الشهامة,Health Unit,Edfu West Administration,El-Shahama
Aswan,وحدة,ادارة دراو,الشيخ ابراهيم,Health Unit,Daraw Administration,Sheikh Ibrahim
Aswan,وحدة,ادارة ادفو شرق,الشيخ على,Health Unit,Edfu East Administration,Sheikh Ali
Aswan,وحدة,ادارة ادفو شرق,الشيخ مصطفي,Health Unit,Edfu East Administration,Sheikh Mustafa
Aswan,وحدة,إدارة اسوان,الصداقة الجديدة,Health Unit,Aswan Administration,El-Sadaqa El-Gedida
Aswan,وحدة,ادارة ادفو شرق,الطوناب,Health Unit,Edfu East Administration,El-Tounab
Aswan,وحدة,إدارة كوم امبو,العباسية,Health Unit,Kom Ombo Administration,El-Abasiya
Aswan,وحدة,إدارة كوم امبو,العتم ور قبلى,Health Unit,Kom Ombo Administration,El-Atam Wa South
Aswan,وحدة,إدارة كوم امبو,العتمور المستجد,Health Unit,Kom Ombo Administration,El-Atamur El-Mostaged
Aswan,وحدة,إدارة كوم امبو,العدوه,Health Unit,Kom Ombo Administration,El-Adawa
Aswan,وحدة,ادارة ادفو شرق,العطواني,Health Unit,Edfu East Administration,El-Atawani
Aswan,وحدة,ادارة ادفو غرب,العكارمية,Health Unit,Edfu West Administration,El-Akarmia
Aswan,وحدة,إدارة اسوان,العلاقي,Health Unit,Aswan Administration,El-Alaqi
Aswan,وحدة,ادارة نصر النوبة,العلاقي,Health Unit,Nasr El-Noba Administration,El-Alaqi
Aswan,وحدة,إدارة كوم امبو,العليقات,Health Unit,Kom Ombo Administration,El-Olaiqat
Aswan,وحدة,ادارة ادفو غرب,العوضلاب,Health Unit,Edfu West Administration,El-Awdlab
Aswan,وحدة,ادارة ادفو شرق,العوينية,Health Unit,Edfu East Administration,El-Owainiya
Aswan,وحدة,ادارة ادفو غرب,الغنيمية,Health Unit,Edfu West Administration,El-Ghonaymia
Aswan,وحدة,ادارة ادفو غرب,الغوالية,Health Unit,Edfu West Administration,El-Ghowaliya
Aswan,وحدة,إدارة كوم امبو,الفوزة,Health Unit,Kom Ombo Administration,El-Fouza
Aswan,وحدة,ادارة دراو,القفطيه,Health Unit,Daraw Administration,El-Qaftia
Aswan,وحدة,إدارة كوم امبو,الكاجوج,Health Unit,Kom Ombo Administration,El-Kagoug
Aswan,وحدة,ادارة نصر النوبة,الكرامة,Health Unit,Nasr El-Noba Administration,El-Karama
Aswan,وحدة,إدارة اسوان,الكرور,Health Unit,Aswan Administration,El-Karor
Aswan,وحدة,إدارة كوم امبو,الكفور,Health Unit,Kom Ombo Administration,El-Kofour
Aswan,وحدة,ادارة ادفو غرب,الكلح غرب,Health Unit,Edfu West Administration,El-Kalah West
Aswan,وحدة,إدارة اسوان,الكوبانية,Health Unit,Aswan Administration,El-Kobaniya
Aswan,وحدة,ادارة نصر النوبة,المالكي,Health Unit,Nasr El-Noba Administration,El-Maleki
Aswan,وحدة,إدارة اسوان,المحمودية,Health Unit,Aswan Administration,El-Mahmoudiya
Aswan,وحدة,ادارة ادفو غرب,المريناب,Health Unit,Edfu West Administration,El-Marinab
Aswan,وحدة,ادارة ادفو شرق,المفالسة,Health Unit,Edfu East Administration,El-Mafalesa
Aswan,وحدة,ادارة دراو,المنصورية بحرى,Health Unit,Daraw Administration,El-Mansouriya North
Aswan,وحدة,ادارة ادفو شرق,النزل,Health Unit,Edfu East Administration,El-Nazl
Aswan,وحدة,ادارة ادفو غرب,الوقاداب,Health Unit,Edfu West Administration,El-Waqadab
Aswan,وحدة,ادارة نصر النوبة,توشكى غرب,Health Unit,Nasr El-Noba Administration,Toshka West
Aswan,وحدة,إدارة اسوان,جزيرة اسوان,Health Unit,Aswan Administration,Aswan Island
Aswan,وحدة,إدارة اسوان,جزيرة سهيل,Health Unit,Aswan Administration,Seheil Island
Aswan,وحدة,إدارة كوم امبو,جعفر الصادق,Health Unit,Kom Ombo Administration,Jaafar El-Sadeq
Aswan,وحدة,ادارة ادفو غرب,حاجر ابو خليفة,Health Unit,Edfu West Administration,Hajer Abu Khalifa
Aswan,وحدة,ادارة ادفو غرب,حاجر البلاليص,Health Unit,Edfu West Administration,Hajer El-Balalis
Aswan,وحدة,إدارة كوم امبو,حجازه,Health Unit,Kom Ombo Administration,Hegaza
Aswan,وحدة,ادارة نصر النوبة,خريت 1,Health Unit,Nasr El-Noba Administration,Khreit 1
Aswan,وحدة,إدارة اسوان,خورعواضة الجديدة,Health Unit,Aswan Administration,Khor Awada El-Gedida
Aswan,وحدة,ادارة نصر النوبة,دابود,Health Unit,Nasr El-Noba Administration,Daboud
Aswan,وحدة,إدارة كوم امبو,سلوا قبلى,Health Unit,Kom Ombo Administration,Salwa South
Aswan,وحدة,إدارة كوم امبو,عرب كيما,Health Unit,Kom Ombo Administration,Arab Kima
Aswan,وحدة,إدارة كوم امبو,عزبة العرب,Health Unit,Kom Ombo Administration,Arab Village
Aswan,وحدة,ادارة ادفو غرب,عمرو بن العاص,Health Unit,Edfu West Administration,Amr Ibn El-Aas
Aswan,وحدة,ادارة نصر النوبة,عنيبة,Health Unit,Nasr El-Noba Administration,Oneeba
Aswan,وحدة,إدارة اسوان,غرب اسوان,Health Unit,Aswan Administration,West Aswan
Aswan,وحدة,إدارة كوم امبو,فارس 1,Health Unit,Kom Ombo Administration,Fares 1
Aswan,وحدة,إدارة كوم امبو,فطيره,Health Unit,Kom Ombo Administration,Foteira
Aswan,وحدة,ادارة نصر النوبة,قسطل,Health Unit,Nasr El-Noba Administration,Qastal
Aswan,وحدة,ادارة نصر النوبة,قورتة ثالث,Health Unit,Nasr El-Noba Administration,Qourta Third
Aswan,وحدة,إدارة اسوان,كلابشة,Health Unit,Aswan Administration,Kalabsha
Aswan,وحدة,ادارة نصر النوبة,كلابشه,Health Unit,Nasr El-Noba Administration,Kalabsha
Aswan,وحدة,إدارة اسوان,كيما,Health Unit,Aswan Administration,Kima
Aswan,وحدة,إدارة اسوان,منشية الخزان,Health Unit,Aswan Administration,Manshia El-Khazan
Aswan,وحدة,إدارة كوم امبو,منشية الرغامه,Health Unit,Kom Ombo Administration,Manshia El-Rghamah
Aswan,وحدة,إدارة كوم امبو,منيحة,Health Unit,Kom Ombo Administration,Muneha
Aswan,وحدة,ادارة ادفو غرب,نجع هيكل,Health Unit,Edfu West Administration,Nag Heikal
Aswan,وحدة,ادارة دراو,نجع ونس,Health Unit,Daraw Administration,Nag Wanes
Aswan,وحدة,إدارة اسوان,هيسا,Health Unit,Aswan Administration,Heesa
Aswan,وحدة,ادارة ادفو شرق,وادى عبادي,Health Unit,Edfu East Administration,Wadi Abadi
Ismailia,مركز,إدارة القنطرة غرب,أبو خليفة,Health Center,El-Qantara West Administration,Abu Khalifa
Ismailia,مركز,إدارة فايد,أبو سلطان,Health Center,Fayed Administration,Abu Sultan
Ismailia,مركز,إدارة أبو صوير,ابو صوير,Health Center,Abu Suweir Administration,Abu Suweir
Ismailia,مركز,إدارة اسماعلية,اسرة الرحمة,Health Center,Ismailia Administration,El-Rahma Family
Ismailia,مركز,إدارة اسماعلية,الإسماعيلية الجديدة,Health Center,Ismailia Administration,New Ismailia
Ismailia,مركز,إدارة التل الكبير,التل الكبير,Health Center,El-Tal El-Kabir Administration,El-Tal El-Kabir
Ismailia,مركز,إدارة اسماعلية,الشهداء,Health Center,Ismailia Administration,El-Shuhada
Ismailia,مركز,إدارة اسماعلية,الشيخ زايد,Health Center,Ismailia Administration,Sheikh Zayed
Ismailia,مركز,إدارة اسماعلية,العرايشة,Health Center,Ismailia Administration,El-Araisha
Ismailia,مركز,إدارة القنطرة شرق,القنطرة شرق,Health Center,El-Qantara East Administration,El-Qantara East
Ismailia,مركز,إدارة القنطرة غرب,القنطرة غرب,Health Center,El-Qantara West Administration,El-Qantara West
Ismailia,مركز,إدارة القصاصين,المحسمة القديمة,Health Center,El-Qassasin Administration,El-Mahasma El-Qadima
Ismailia,مركز,إدارة اسماعلية,المستقبل,Health Center,Ismailia Administration,El-Mostaqbal
Ismailia,مركز,إدارة أبو صوير,الواصفية,Health Center,Abu Suweir Administration,El-Wasfia
Ismailia,مركز,إدارة اسماعلية,بدر,Health Center,Ismailia Administration,Badr
Ismailia,مركز,إدارة اسماعلية,حى السلام,Health Center,Ismailia Administration,El-Salam District
Ismailia,مركز,إدارة فايد,سرابيوم,Health Center,Fayed Administration,Serapeum
Ismailia,مركز,إدارة فايد,فايد,Health Center,Fayed Administration,Fayed
Ismailia,مركز,إدارة اسماعلية,نفيشة,Health Center,Ismailia Administration,Nefisha
Ismailia,مستشفى,إدارة أبو صوير,ابو صوير المركزي,Hospital,Abu Suweir Administration,Abu Suweir Central Hospital
Ismailia,مستشفى,إدارة القنطرة شرق,القنطرة شرق المركزي,Hospital,El-Qantara East Administration,El-Qantara East Central Hospital
Ismailia,مستشفى,إدارة القنطرة غرب,القنطرة غرب المركزي,Hospital,El-Qantara West Administration,El-Qantara West Central Hospital
Ismailia,مستشفى,إدارة اسماعلية,اورام الاسماعيلية,Hospital,Ismailia Administration,Ismailia Oncology Hospital
Ismailia,مستشفى,إدارة القصاصين,جراحات اليوم الواحد بالقصاصين,Hospital,El-Qassasin Administration,El-Qassasin Day Surgery Unit
Ismailia,مستشفى,إدارة اسماعلية,طوارئ ابو خليفة للجراحات المتخصصة,Hospital,Ismailia Administration,Abu Khalifa Specialized Surgery Emergency
Ismailia,مستشفى,إدارة فايد,فايد المركزي,Hospital,Fayed Administration,Fayed Central Hospital
Ismailia,مستشفى,إدارة اسماعلية,مجمع الاسماعيلية الطبي,Hospital,Ismailia Administration,Ismailia Medical Complex
Ismailia,مستشفى,إدارة اسماعلية,مركز 30 يونيو الدولي,Hospital,Ismailia Administration,30 June International Center
Ismailia,مستشفى,إدارة اسماعلية,مركز اعادة التأهيل والروماتويد,Hospital,Ismailia Administration,Rehabilitation and Rheumatology Center
Ismailia,مستشفى,إدارة التل الكبير,مستشفى التل الكبير المركزي,Hospital,El-Tal El-Kabir Administration,El-Tal El-Kabir Central Hospital
Ismailia,مستشفى,إدارة اسماعلية,مستشفى رمد الإسماعيلية,Hospital,Ismailia Administration,Ismailia Ophthalmology Hospital
Ismailia,وحدة,إدارة اسماعلية,أبو بلح,Health Unit,Ismailia Administration,Abu Balah
Ismailia,وحدة,إدارة التل الكبير,أبو عاشور,Health Unit,El-Tal El-Kabir Administration,Abu Ashour
Ismailia,وحدة,إدارة اسماعلية,أبو عطوة,Health Unit,Ismailia Administration,Abu Atwa
Ismailia,وحدة,إدارة أبو صوير,ابو صوير المحطة,Health Unit,Abu Suweir Administration,Abu Suweir El-Mahatta
Ismailia,وحدة,إدارة القنطرة غرب,ابوطفيله,Health Unit,El-Qantara West Administration,Abu Tafila
Ismailia,وحدة,إدارة القنطرة شرق,الابطال,Health Unit,El-Qantara East Administration,El-Abtal
Ismailia,وحدة,إدارة التل الكبير,البعلوة الكبرى,Health Unit,El-Tal El-Kabir Administration,El-Baaloua El-Kobra
Ismailia,وحدة,إدارة القنطرة غرب,البياضية,Health Unit,El-Qantara West Administration,El-Bayadiya
Ismailia,وحدة,إدارة القنطرة شرق,التقدم,Health Unit,El-Qantara East Administration,El-Taqadom
Ismailia,وحدة,إدارة القنطرة غرب,الروضة,Health Unit,El-Qantara West Administration,El-Rawda
Ismailia,وحدة,إدارة القنطرة غرب,الرياح,Health Unit,El-Qantara West Administration,El-Reah
Ismailia,وحدة,إدارة أبو صوير,السبع أبار غرب,Health Unit,Abu Suweir Administration,El-Sabaa Abar West
Ismailia,وحدة,إدارة أبو صوير,السبع ابار الشرقية,Health Unit,Abu Suweir Administration,El-Sabaa Abar East
Ismailia,وحدة,إدارة اسماعلية,السبع بنات,Health Unit,Ismailia Administration,El-Sabaa Banat
Ismailia,وحدة,إدارة فايد,السعيدية,Health Unit,Fayed Administration,El-Saediya
Ismailia,وحدة,إدارة التل الكبير,السلام و المحطة,Health Unit,El-Tal El-Kabir Administration,El-Salam and El-Mahatta
Ismailia,وحدة,إدارة القصاصين,السويدات,Health Unit,El-Qassasin Administration,El-Swedat
Ismailia,وحدة,إدارة اسماعلية,الضبعية,Health Unit,Ismailia Administration,El-Dabiya
Ismailia,وحدة,إدارة التل الكبير,الظاهرية,Health Unit,El-Tal El-Kabir Administration,El-Zahria
Ismailia,وحدة,إدارة القنطرة شرق,العبور,Health Unit,El-Qantara East Administration,El-Abour
Ismailia,وحدة,إدارة التل الكبير,العهدة,Health Unit,El-Tal El-Kabir Administration,El-Ahda
Ismailia,وحدة,إدارة القصاصين,القصاصين,Health Unit,El-Qassasin Administration,El-Qassasin
Ismailia,وحدة,إدارة القنطرة غرب,الكيلو 14,Health Unit,El-Qantara West Administration,Kilometer 14
Ismailia,وحدة,إدارة اسماعلية,الكيلو 2,Health Unit,Ismailia Administration,Kilometer 2
Ismailia,وحدة,إدارة اسماعلية,الكيلو11,Health Unit,Ismailia Administration,Kilometer 11
Ismailia,وحدة,إدارة أبو صوير,المحسمة الجديدة,Health Unit,Abu Suweir Administration,El-Mahasma El-Gedida
Ismailia,وحدة,إدارة أبو صوير,المنايف,Health Unit,Abu Suweir Administration,El-Manaef
Ismailia,وحدة,إدارة القصاصين,الهيش,Health Unit,El-Qassasin Administration,El-Heish
Ismailia,وحدة,إدارة القصاصين,الوادى الأخضر,Health Unit,El-Qassasin Administration,El-Wadi El-Akhdar
Ismailia,وحدة,إدارة القصاصين,تل ثمود,Health Unit,El-Qassasin Administration,Tel Thamoud
Ismailia,وحدة,إدارة القنطرة شرق,جلبانه,Health Unit,El-Qantara East Administration,Galbana
Ismailia,وحدة,إدارة اسماعلية,عين غصين,Health Unit,Ismailia Administration,Ein Ghosein
Ismailia,وحدة,إدارة فايد,فنارة,Health Unit,Fayed Administration,Fanara
Ismailia,وحدة,إدارة فايد,كسفريت,Health Unit,Fayed Administration,Kasfrit
Ismailia,وحدة,إدارة التل الكبير,وادى الملاك,Health Unit,El-Tal El-Kabir Administration,Wadi El-Malak
Luxor,مركز,إدارة ارمنت,أرمنت الحيط,Health Center,Armant Administration,Armant El-Heit
Luxor,مركز,إدارة اسنا,أصفون,Health Center,Esna Administration,Asfoun
Luxor,مركز,إدارة اسنا,إسنا,Health Center,Esna Administration,Esna
Luxor,مركز,إدارة بندر,الاقصر,Health Center,Bandar Administration,Luxor
Luxor,مركز,إدارة البياضية,البياضية,Health Center,El-Bayadiya Administration,El-Bayadiya
Luxor,مركز,إدارة اسنا,الدير,Health Center,Esna Administration,El-Deir
Luxor,مركز,إدارة الطود,الطود,Health Center,El-Toud Administration,El-Toud
Luxor,مركز,إدارة بندر,العوامية,Health Center,Bandar Administration,El-Awamia
Luxor,مركز,إدارة القرنة,القرنة,Health Center,El-Qurna Administration,El-Qurna
Luxor,مركز,إدارة بندر,الكرنك الجديد,Health Center,Bandar Administration,New Karnak
Luxor,مركز,إدارة الضبعية,امومه وطفوله الضبعية,Health Center,El-Dabiya Administration,El-Dabiya Maternity and Childhood
Luxor,مركز,إدارة الزينية,امومه وطفوله بالزينيه,Health Center,El-Zeniya Administration,El-Zeniya Maternity and Childhood
Luxor,مركز,إدارة الزينية,امومه وطفوله بالعشى,Health Center,El-Zeniya Administration,El-Ashi Maternity and Childhood
Luxor,مركز,إدارة اسنا,امومه وطفوله بالكيمان,Health Center,Esna Administration,El-Kiman Maternity and Childhood
Luxor,مركز,إدارة ارمنت,حميات أرمنت,Health Center,Armant Administration,Armant Fever Hospital
Luxor,مركز,إدارة بندر,منشأة العمارى,Health Center,Bandar Administration,El-Omary Facility
Luxor,مستشفى,إدارة بندر,مجمع الأقصر الدولى الطبي,Hospital,Bandar Administration,Luxor International Medical Complex
Luxor,مستشفى,إدارة ارمنت,مستشفى أرمنت المركزى,Hospital,Armant Administration,Armant Central Hospital
Luxor,مستشفى,إدارة اسنا,مستشفى إسنا المركزى,Hospital,Esna Administration,Esna Central Hospital
Luxor,مستشفى,إدارة بندر,مستشفى الأقصر العام,Hospital,Bandar Administration,Luxor General Hospital
Luxor,مستشفى,إدارة البياضية,مستشفى البياضية المركزى,Hospital,El-Bayadiya Administration,El-Bayadiya Central Hospital
Luxor,مستشفى,إدارة الطود,مستشفى العديسات المركزى,Hospital,El-Toud Administration,El-Adeisat Central Hospital
Luxor,وحدة,إدارة ارمنت,أرمنت الوبورات,Health Unit,Armant Administration,Armant El-Waborat
Luxor,وحدة,إدارة ارمنت,ابودغار,Health Unit,Armant Administration,Abu Daghar
Luxor,وحدة,إدارة القرنة,ال عثمان,Health Unit,El-Qurna Administration,El-Othman
Luxor,وحدة,إدارة القرنة,الأقالتة,Health Unit,El-Qurna Administration,El-Aqalta
Luxor,وحدة,إدارة القرنة,البعيرات,Health Unit,El-Qurna Administration,El-Baeirat
Luxor,وحدة,إدارة البياضية,البغدادي,Health Unit,El-Bayadiya Administration,El-Baghdady
Luxor,وحدة,إدارة البياضية,الحبيل,Health Unit,El-Bayadiya Administration,El-Habeel
Luxor,وحدة,إدارة اسنا,الحلة,Health Unit,Esna Administration,El-Hala
Luxor,وحدة,إدارة اسنا,الحليلة,Health Unit,Esna Administration,El-Holeila
Luxor,وحدة,إدارة اسنا,الدبابية,Health Unit,Esna Administration,El-Dababiya
Luxor,وحدة,إدارة اسنا,الدقيرة,Health Unit,Esna Administration,El-Daqira
Luxor,وحدة,إدارة ارمنت,الرزيقات بحري,Health Unit,Armant Administration,El-Raziqat North
Luxor,وحدة,إدارة ارمنت,الرزيقات قبلي,Health Unit,Armant Administration,El-Raziqat South
Luxor,وحدة,إدارة ارمنت,الرياينه,Health Unit,Armant Administration,El-Rayayna
Luxor,وحدة,إدارة القرنة,الزمامي,Health Unit,El-Qurna Administration,El-Zamamy
Luxor,وحدة,إدارة بندر,الزناقطة,Health Unit,Bandar Administration,El-Zanaqeta
Luxor,وحدة,إدارة اسنا,الزنيقة,Health Unit,Esna Administration,El-Zonaiqah
Luxor,وحدة,إدارة اسنا,الشغب,Health Unit,Esna Administration,El-Shaghab
Luxor,وحدة,إدارة بندر,الشيخ موسى,Health Unit,Bandar Administration,Sheikh Moussa
Luxor,وحدة,إدارة الطود,الضمان,Health Unit,El-Toud Administration,El-Daman
Luxor,وحدة,إدارة الطود,العديسات قبلي,Health Unit,El-Toud Administration,El-Adeisat South
Luxor,وحدة,إدارة اسنا,العضايمة,Health Unit,Esna Administration,El-Adayma
Luxor,وحدة,إدارة اسنا,الغريرة,Health Unit,Esna Administration,El-Ghoreera
Luxor,وحدة,إدارة بندر,القباح غرب,Health Unit,Bandar Administration,El-Qobah West
Luxor,وحدة,إدارة القرنة,القبلى قامولا,Health Unit,El-Qurna Administration,El-Qebly Qamola
Luxor,وحدة,إدارة اسنا,القرايا,Health Unit,Esna Administration,El-Qaraya
Luxor,وحدة,إدارة الزينية,المدامود,Health Unit,El-Zeniya Administration,El-Madamoud
Luxor,وحدة,إدارة الطود,المريس,Health Unit,El-Toud Administration,El-Mereis
Luxor,وحدة,إدارة اسنا,النجوع بحري,Health Unit,Esna Administration,El-Nogou North
Luxor,وحدة,إدارة اسنا,النمسا,Health Unit,Esna Administration,El-Nemsa
Luxor,وحدة,إدارة اسنا,الهنادي,Health Unit,Esna Administration,El-Hanady
Luxor,وحدة,إدارة بندر,ب مستشفى الاقصر الدولى,Health Unit,Bandar Administration,Luxor International Hospital B
Luxor,وحدة,إدارة اسنا,توماس,Health Unit,Esna Administration,Thomas
Luxor,وحدة,إدارة الطود,جزيرة أرمنت,Health Unit,El-Toud Administration,Armant Island
Luxor,وحدة,إدارة ارمنت,حاجر الرزيقات بحري,Health Unit,Armant Administration,Hajer El-Raziqat North
Luxor,وحدة,إدارة ارمنت,حاجرالمحاميد قبلي,Health Unit,Armant Administration,Hajer El-Mahameed South
Luxor,وحدة,إدارة اسنا,حي القرية,Health Unit,Esna Administration,El-Qarya District
Luxor,وحدة,إدارة اسنا,زرنيخ,Health Unit,Esna Administration,Zarneekh
Luxor,وحدة,إدارة الزينية,طيبة,Health Unit,El-Zeniya Administration,Thebes
Luxor,وحدة,إدارة الطود,منشية النوبة,Health Unit,El-Toud Administration,Manshia El-Noba
Luxor,وحدة,إدارة اسنا,نجع أحمد سعيد,Health Unit,Esna Administration,Nag Ahmed Saeed
Luxor,وحدة,إدارة القرنة,نجع البركة,Health Unit,El-Qurna Administration,Nag El-Baraka
Luxor,وحدة,إدارة بندر,نجع الخطباء,Health Unit,Bandar Administration,Nag El-Khotabaa
Port_Said,مركز,إدارة بورسعيد,مركز طب أسرة الجوهرة,Health Center,Port Said Administration,El-Gohara Family Medicine Center
Port_Said,مركز,إدارة بورسعيد,مركز طب أسرة الحي الإماراتي,Health Center,Port Said Administration,Emirati District Family Medicine Center
Port_Said,مركز,حي العرب,مركز طب أسرة العرب,Health Center,El-Arab District,El-Arab Family Medicine Center
Port_Said,مركز,إدارة بورسعيد,مركز طب أسرة القابوطي,Health Center,Port Said Administration,El-Qabouti Family Medicine Center
Port_Said,مركز,حي المناخ,مركز طب أسرة المناخ,Health Center,El-Manakh District,El-Manakh Family Medicine Center
Port_Said,مركز,إدارة بورسعيد,مركز طب أسرة بلال بن رباح,Health Center,Port Said Administration,Bilal Ibn Rabah Family Medicine Center
Port_Said,مركز,حي الزهور,مركز طب أسرة تعاونيات الزهور,Health Center,El-Zuhour District,El-Zuhour Cooperatives Family Medicine Center
Port_Said,مركز,إدارة بورسعيد,مركز طب أسرة شرق النوادي,Health Center,Port Said Administration,East El-Nawadi Family Medicine Center
Port_Said,مركز,إدارة بورسعيد,مركز طب أسرة علي بن أبي طالب,Health Center,Port Said Administration,Ali Ibn Abi Talib Family Medicine Center
Port_Said,مركز,إدارة بورسعيد,مركز طب أسرة محمد مشالي,Health Center,Port Said Administration,Mohamed Meshaly Family Medicine Center
Port_Said,مركز,إدارة بورسعيد,مركز طب أسرة مصطفى كامل,Health Center,Port Said Administration,Mustafa Kamel Family Medicine Center
Port_Said,مستشفى,جنوب بورسعيد,مستشفى 30 يونيو,Hospital,South Port Said,30 June Hospital
Port_Said,مستشفى,حي المناخ,مستشفى التضامن,Hospital,El-Manakh District,El-Tadamon Hospital
Port_Said,مستشفى,مدينة بورفؤاد,مستشفى الحياة بورفؤاد,Hospital,Port Fouad City,El-Hayat Port Fouad Hospital
Port_Said,مستشفى,حي المناخ,مستشفى الرمد التخصصي,Hospital,El-Manakh District,Specialized Ophthalmology Hospital
Port_Said,مستشفى,حي الزهور,مستشفى الزهور,Hospital,El-Zuhour District,El-Zuhour Hospital
Port_Said,مستشفى,حي العرب,مستشفى المبرة,Hospital,El-Arab District,El-Mabarra Hospital
Port_Said,مستشفى,حي المناخ,مستشفى النساء والولادة,Hospital,El-Manakh District,Women and Obstetrics Hospital
Port_Said,مستشفى,حي الزهور,مستشفى النصر التخصصي,Hospital,El-Zuhour District,El-Nasr Specialized Hospital
Port_Said,وحدة,إدارة بورسعيد,وحدة طب أسرة أم خلف,Health Unit,Port Said Administration,Om Khalaf Family Medicine Unit
Port_Said,وحدة,إدارة بورسعيد,وحدة طب أسرة الإسراء,Health Unit,Port Said Administration,El-Israa Family Medicine Unit
Port_Said,وحدة,إدارة بورسعيد,وحدة طب أسرة الصيدلانية سمر عبد الرحمن,Health Unit,Port Said Administration,Samar Abd El-Rahman Family Medicine Unit
Port_Said,وحدة,إدارة بورسعيد,وحدة طب أسرة العاشر من رمضان,Health Unit,Port Said Administration,10th of Ramadan Family Medicine Unit
Port_Said,وحدة,إدارة بورسعيد,وحدة طب أسرة الكاب,Health Unit,Port Said Administration,El-Kab Family Medicine Unit
Port_Said,وحدة,إدارة بورسعيد,وحدة طب أسرة الكويت,Health Unit,Port Said Administration,Kuwait Family Medicine Unit
Port_Said,وحدة,حي المناخ,وحدة طب أسرة المناخ,Health Unit,El-Manakh District,El-Manakh Family Medicine Unit
Port_Said,وحدة,إدارة بورسعيد,وحدة طب أسرة الميسرة,Health Unit,Port Said Administration,El-Maisara Family Medicine Unit
Port_Said,وحدة,مدينة بورفؤاد,وحدة طب أسرة بورفؤاد ثانِ,Health Unit,Port Fouad City,Port Fouad Family Medicine Unit 2
Port_Said,وحدة,حي الجنوب,وحدة طب أسرة جنوب البترول,Health Unit,South District,South Petroleum Family Medicine Unit
Port_Said,وحدة,إدارة بورسعيد,وحدة طب أسرة رضوان,Health Unit,Port Said Administration,Redwan Family Medicine Unit
Port_Said,وحدة,إدارة بورسعيد,وحدة طب أسرة شادر عزام,Health Unit,Port Said Administration,Shader Azzam Family Medicine Unit
Port_Said,وحدة,إدارة بورسعيد,وحدة طب أسرة عثمان بن عفان,Health Unit,Port Said Administration,Othman Ibn Affan Family Medicine Unit
Port_Said,وحدة,إدارة بورسعيد,وحدة طب أسرة عمر بن خطاب,Health Unit,Port Said Administration,Omar Ibn El-Khattab Family Medicine Unit
South_Sinai,مركز,إدارة أبو زنيمة,أبو زنيمة,Health Center,Abu Zenima Administration,Abu Zenima
South_Sinai,مركز,إدارة الطور,الامومة و الطفولة بالطور,Health Center,El-Tour Administration,El-Tour Maternity and Childhood
South_Sinai,مركز,إدارة شرم الشيخ,الرويسات,Health Center,Sharm El-Sheikh Administration,El-Ruweisat
South_Sinai,مركز,إدارة الطور,الزهراء,Health Center,El-Tour Administration,El-Zahraa
South_Sinai,مركز,إدارة نويبع,المزينة بنويبع,Health Center,Nuweiba Administration,El-Muzeina Nuweiba
South_Sinai,مركز,إدارة أبو رديس,وادي فيران,Health Center,Abu Rudeis Administration,Wadi Feiran
South_Sinai,مركز,إدارة دهب,دهب,Health Center,Dahab Administration,Dahab
South_Sinai,مركز,إدارة راس سدر,رأس سدر,Health Center,Ras Sidr Administration,Ras Sidr
South_Sinai,مستشفى,إدارة أبو رديس,أبو رديس المركزي,Hospital,Abu Rudeis Administration,Abu Rudeis Central Hospital
South_Sinai,مستشفى,إدارة شرم الشيخ,شرم الشيخ الدولي,Hospital,Sharm El-Sheikh Administration,Sharm El-Sheikh International Hospital
South_Sinai,مستشفى,إدارة الطور,مستشفى الطور التعليمي,Hospital,El-Tour Administration,El-Tour Teaching Hospital
South_Sinai,مستشفى,إدارة دهب,مستشفى دهب المركزى,Hospital,Dahab Administration,Dahab Central Hospital
South_Sinai,مستشفى,إدارة راس سدر,مستشفى رأس سدر المركزي,Hospital,Ras Sidr Administration,Ras Sidr Central Hospital
South_Sinai,مستشفى,إدارة سانت كاترين,مستشفى سانت كاترين المركزي,Hospital,Saint Catherine Administration,Saint Catherine Central Hospital
South_Sinai,مستشفى,إدارة نويبع,مستشفى طابا المركزي,Hospital,Nuweiba Administration,Taba Central Hospital
South_Sinai,مستشفى,إدارة نويبع,مستشفى نويبع المركزي,Hospital,Nuweiba Administration,Nuweiba Central Hospital
South_Sinai,وحدة,إدارة الطور,الأسرة بالجبيل,Health Unit,El-Tour Administration,El-Jubeil Family
South_Sinai,وحدة,إدارة أبو زنيمة,الكيلو 9,Health Unit,Abu Zenima Administration,Kilometer 9
South_Sinai,وحدة,إدارة نويبع,المراخ,Health Unit,Nuweiba Administration,El-Marakh
South_Sinai,وحدة,إدارة راس سدر,أبو صويرة,Health Unit,Ras Sidr Administration,Abu Sweira
South_Sinai,وحدة,إدارة سانت كاترين,الاسباعية,Health Unit,Saint Catherine Administration,El-Esbaeia
South_Sinai,وحدة,إدارة سانت كاترين,الطرفة,Health Unit,Saint Catherine Administration,El-Tarfa
South_Sinai,وحدة,إدارة أبو رديس,العرايشية,Health Unit,Abu Rudeis Administration,El-Araishia
South_Sinai,وحدة,إدارة راس سدر,رأس مسلة,Health Unit,Ras Sidr Administration,Ras Masala
South_Sinai,وحدة,إدارة الطور,قرية الوادي,Health Unit,El-Tour Administration,El-Wadi Village
South_Sinai,وحدة,إدارة أبو رديس,وادي الطَر,Health Unit,Abu Rudeis Administration,Wadi El-Tar
South_Sinai,وحدة,إدارة شرم الشيخ,وادي مندر,Health Unit,Sharm El-Sheikh Administration,Wadi Mandar
South_Sinai,وحدة,إدارة أبو زنيمة,تال,Health Unit,Abu Zenima Administration,Tal
South_Sinai,وحدة,إدارة نويبع,طابا,Health Unit,Nuweiba Administration,Taba
South_Sinai,وحدة,إدارة أبو زنيمة,غرندل,Health Unit,Abu Zenima Administration,Ghrendel
Suez,مركز,إدارة الأربعين,الأربعين,Health Center,El-Arbaeen Administration,El-Arbaeen
Suez,مركز,إدارة الأربعين,الإيمان,Health Center,El-Arbaeen Administration,El-Iman
Suez,مركز,إدارة عتاقة,التوفيق,Health Center,Ataka Administration,El-Tawfiq
Suez,مركز,إدارة السويس,السويس الجديدة,Health Center,Suez Administration,New Suez
Suez,مركز,إدارة الجناين,الشروق,Health Center,El-Ganayen Administration,El-Shorouk
Suez,مركز,إدارة فيصل,الصباح,Health Center,Faisal Administration,El-Sabah
Suez,مستشفى,إدارة السويس,المستشفى العام,Hospital,Suez Administration,General Hospital
Suez,مستشفى,إدارة السويس,مستشفي السويس للتأمين الصحى,Hospital,Suez Administration,Suez Health Insurance Hospital
Suez,مستشفى,إدارة السويس,مستشفي المجمع الطبى الجديد,Hospital,Suez Administration,New Medical Complex Hospital
Suez,مستشفى,إدارة السويس,مستشفي حميات السويس,Hospital,Suez Administration,Suez Fever Hospital
Suez,مستشفى,إدارة السويس,مستشفي صدر السويس,Hospital,Suez Administration,Suez Chest Hospital
Suez,وحدة,إدارة فيصل,24أكتوبر,Health Unit,Faisal Administration,24 October
Suez,وحدة,إدارة فيصل,الأمل,Health Unit,Faisal Administration,El-Amal
Suez,وحدة,إدارة فيصل,الرائد,Health Unit,Faisal Administration,El-Raed
Suez,وحدة,إدارة الأربعين,السادات,Health Unit,El-Arbaeen Administration,El-Sadat
Suez,وحدة,إدارة فيصل,السلام 1,Health Unit,Faisal Administration,El-Salam 1
Suez,وحدة,إدارة عتاقة,السلام 2,Health Unit,Ataka Administration,El-Salam 2
Suez,وحدة,إدارة السويس,السويس القديمة,Health Unit,Suez Administration,Old Suez
Suez,وحدة,إدارة الجناين,الشلوفة,Health Unit,El-Ganayen Administration,El-Shalofa
Suez,وحدة,إدارة عتاقة,الصفا,Health Unit,Ataka Administration,El-Safa
Suez,وحدة,إدارة الجناين,العمدة,Health Unit,El-Ganayen Administration,El-Omda
Suez,وحدة,إدارة الأربعين,المحروسة,Health Unit,El-Arbaeen Administration,El-Mahrosa
Suez,وحدة,إدارة الأربعين,الهويس,Health Unit,El-Arbaeen Administration,El-Howeis
Suez,وحدة,إدارة الجناين,جنيفة,Health Unit,El-Ganayen Administration,Goneifa
Suez,وحدة,إدارة الجناين,شندورة,Health Unit,El-Ganayen Administration,Shendoura
Suez,وحدة,إدارة عتاقة,عرب العامرين,Health Unit,Ataka Administration,Arab El-Amreen
Suez,وحدة,إدارة عتاقة,عرب المعمل,Health Unit,Ataka Administration,Arab El-Maamal
Suez,وحدة,إدارة فيصل,عمر بن الخطاب,Health Unit,Faisal Administration,Omar Ibn El-Khattab
Suez,وحدة,إدارة الجناين,قرية عامر,Health Unit,El-Ganayen Administration,Amer Village
Suez,وحدة,إدارة الجناين,كبريت,Health Unit,El-Ganayen Administration,Kabreet
Suez,وحدة,إدارة فيصل,مبارك,Health Unit,Faisal Administration,Mubarak
